<?xml version="1.0" encoding="UTF-8"?>
<project-private xmlns="http://www.netbeans.org/ns/project-private/1">
    <editor-bookmarks xmlns="http://www.netbeans.org/ns/editor-bookmarks/2" lastBookmarkId="0"/>
    <open-files xmlns="http://www.netbeans.org/ns/projectui-open-files/2">
        <group>
            <file>file:/home/hems/NetBeansProjects/carRental-client/src/com/dt/project/client/ReturnRide.java</file>
            <file>file:/home/hems/NetBeansProjects/carRental-client/src/com/dt/project/client/AdminLogin.java</file>
            <file>file:/home/hems/NetBeansProjects/carRental-client/src/com/dt/project/client/ViewAvailable.java</file>
            <file>file:/home/hems/NetBeansProjects/carRental-client/src/com/dt/project/client/UpdateCar.java</file>
            <file>file:/home/hems/NetBeansProjects/carRental-client/src/com/dt/project/client/CancelRide.java</file>
            <file>file:/home/hems/NetBeansProjects/carRental-client/src/com/dt/project/client/AviewBook.java</file>
            <file>file:/home/hems/NetBeansProjects/carRental-client/src/com/dt/project/client/UserSuccess.java</file>
            <file>file:/home/hems/NetBeansProjects/carRental-client/src/com/dt/project/client/BooksFrom.java</file>
            <file>file:/home/hems/NetBeansProjects/carRental-client/src/com/dt/project/client/ViewBooking.java</file>
            <file>file:/home/hems/NetBeansProjects/carRental-client/src/com/dt/project/client/NnewUser.java</file>
            <file>file:/home/hems/NetBeansProjects/carRental-client/src/com/dt/project/client/Car.java</file>
            <file>file:/home/hems/NetBeansProjects/carRental-client/src/com/dt/project/client/AdminSuccess.java</file>
            <file>file:/home/hems/NetBeansProjects/carRental-client/src/com/dt/project/client/RUserLogin.java</file>
            <file>file:/home/hems/NetBeansProjects/carRental-client/src/com/dt/project/client/BookRide.java</file>
        </group>
    </open-files>
</project-private>
